batch_size,cpu_lat_mean_ms,cpu_lat_std_ms,gpu_kernel_lat_mean_ms,gpu_kernel_lat_std_ms,speedup,cpu_throughput_sps,gpu_throughput_sps,max_diff
1,1.6372,0.0151,0.8309,0.1337,1.97,610.79,1203.56,0.00e+00
2,3.2699,0.0185,1.4004,0.2072,2.34,611.64,1428.17,0.00e+00
4,6.5363,0.0293,2.6403,0.0550,2.48,611.96,1514.95,2.98e-08
8,13.1366,0.5315,6.1601,2.0293,2.13,608.98,1298.67,3.73e-08
16,26.1445,0.0711,11.3088,2.9698,2.31,611.98,1414.83,1.79e-07
32,52.3540,0.0780,21.6429,4.5122,2.42,611.22,1478.55,9.54e-07
64,104.7050,0.1414,41.0946,2.0767,2.55,611.24,1557.38,1.91e-06
128,209.3509,0.1238,81.5624,0.0285,2.57,611.41,1569.35,1.91e-06
256,418.4705,0.1813,163.2405,0.0803,2.56,611.75,1568.24,5.72e-06
