batch_size,cpu_lat_mean_ms,cpu_lat_std_ms,gpu_lat_mean_ms,gpu_lat_std_ms,speedup,cpu_throughput_sps,gpu_throughput_sps,max_diff
1,1.6485,0.0188,0.8085,0.0155,2.04,606.62,1236.88,5.96e-08
2,3.2978,0.0206,1.3752,0.0075,2.40,606.46,1454.37,1.19e-07
4,6.5899,0.0430,2.6288,0.0533,2.51,606.99,1521.60,1.19e-07
8,13.3738,0.2959,5.0357,0.0105,2.66,598.18,1588.65,1.19e-07
16,26.2889,0.0404,9.9916,0.0126,2.63,608.62,1601.34,4.77e-07
32,52.5524,0.1093,20.3947,0.0125,2.58,608.92,1569.04,7.15e-07
64,105.9828,0.6382,41.0237,1.1908,2.58,603.87,1560.08,7.15e-07
128,210.3669,0.2118,81.6511,0.1463,2.58,608.46,1567.65,9.54e-07
256,419.9286,0.1643,163.3622,0.0549,2.57,609.63,1567.07,1.91e-06
